cycle_id,machine_id,operation_id,cycle_start_ts,cycle_end_ts,actual_cycle_time_sec,part_result,scrap_reason
CYCLE_0001,DMU50_001,OP_001,2026-03-01 06:17:00+00:00,2026-03-01 06:25:05.420000+00:00,485.42,good,
CYCLE_0002,DMU50_001,OP_003,2026-03-01 06:38:00+00:00,2026-03-01 06:44:07.602000+00:00,367.602,good,
CYCLE_0003,DMU50_001,OP_001,2026-03-01 06:51:00+00:00,2026-03-01 06:59:09.775000+00:00,489.775,scrap,surface_defect
CYCLE_0004,DMU50_001,OP_003,2026-03-01 07:10:00+00:00,2026-03-01 07:16:16.241000+00:00,376.241,good,
CYCLE_0005,DMU50_001,OP_002,2026-03-01 07:39:00+00:00,2026-03-01 07:48:12.677000+00:00,552.677,good,
CYCLE_0006,DMU50_001,OP_001,2026-03-01 07:54:00+00:00,2026-03-01 08:02:02.861000+00:00,482.861,scrap,surface_defect
CYCLE_0007,DMU50_001,OP_002,2026-03-01 08:14:00+00:00,2026-03-01 08:22:54.938000+00:00,534.938,good,
CYCLE_0008,DMU50_001,OP_001,2026-03-01 08:26:00+00:00,2026-03-01 08:34:20.568000+00:00,500.568,good,
CYCLE_0009,DMU50_001,OP_002,2026-03-01 08:44:00+00:00,2026-03-01 08:53:05.336000+00:00,545.336,scrap,surface_defect
CYCLE_0010,DMU50_001,OP_001,2026-03-01 09:12:00+00:00,2026-03-01 09:20:06.030000+00:00,486.03,good,
CYCLE_0011,DMU50_001,OP_003,2026-03-01 09:22:00+00:00,2026-03-01 09:28:10.694000+00:00,370.694,good,
CYCLE_0012,DMU50_001,OP_002,2026-03-01 09:43:00+00:00,2026-03-01 09:51:43.006000+00:00,523.006,scrap,surface_defect
CYCLE_0013,DMU50_001,OP_001,2026-03-01 10:05:00+00:00,2026-03-01 10:12:52.745000+00:00,472.745,good,
CYCLE_0014,DMU50_001,OP_002,2026-03-01 10:19:00+00:00,2026-03-01 10:27:56.559000+00:00,536.559,good,
CYCLE_0015,DMU50_001,OP_001,2026-03-01 10:43:00+00:00,2026-03-01 10:51:17.592000+00:00,497.592,scrap,surface_defect
CYCLE_0016,DMU50_001,OP_003,2026-03-01 10:58:00+00:00,2026-03-01 11:03:46.438000+00:00,346.438,good,
CYCLE_0017,DMU50_001,OP_001,2026-03-01 11:11:00+00:00,2026-03-01 11:19:11.702000+00:00,491.702,good,
CYCLE_0018,DMU50_001,OP_003,2026-03-01 11:26:00+00:00,2026-03-01 11:32:27.159000+00:00,387.159,scrap,surface_defect
CYCLE_0019,DMU50_001,OP_003,2026-03-01 12:03:00+00:00,2026-03-01 12:09:19.687000+00:00,379.687,good,
CYCLE_0020,DMU50_001,OP_002,2026-03-01 12:25:00+00:00,2026-03-01 12:34:42.283000+00:00,582.283,good,
CYCLE_0021,DMU50_001,OP_001,2026-03-01 12:39:00+00:00,2026-03-01 12:47:32.572000+00:00,512.572,scrap,surface_defect
CYCLE_0022,DMU50_001,OP_002,2026-03-01 12:54:00+00:00,2026-03-01 13:02:46.655000+00:00,526.655,good,
CYCLE_0023,DMU50_001,OP_001,2026-03-01 13:17:00+00:00,2026-03-01 13:25:33.723000+00:00,513.723,good,
CYCLE_0024,DMU50_001,OP_003,2026-03-01 13:31:00+00:00,2026-03-01 13:36:50.099000+00:00,350.099,scrap,surface_defect
CYCLE_0025,DMU50_001,OP_001,2026-03-01 13:44:00+00:00,2026-03-01 13:51:44.810000+00:00,464.81,good,
CYCLE_0026,DMU50_001,OP_003,2026-03-01 13:56:00+00:00,2026-03-01 14:01:49.089000+00:00,349.089,good,
CYCLE_0027,DMU50_001,OP_001,2026-03-01 14:05:00+00:00,2026-03-01 14:13:12.616000+00:00,492.616,scrap,surface_defect
CYCLE_0028,DMU50_001,OP_003,2026-03-01 14:20:00+00:00,2026-03-01 14:25:57.687000+00:00,357.687,good,
CYCLE_0029,DMU50_001,OP_001,2026-03-01 14:31:00+00:00,2026-03-01 14:38:47.567000+00:00,467.567,good,
CYCLE_0030,DMU50_001,OP_003,2026-03-01 14:50:00+00:00,2026-03-01 14:55:53.160000+00:00,353.16,scrap,surface_defect
CYCLE_0031,DMU50_001,OP_002,2026-03-01 15:11:00+00:00,2026-03-01 15:20:30.644000+00:00,570.644,good,
CYCLE_0032,DMU50_001,OP_001,2026-03-01 15:26:00+00:00,2026-03-01 15:34:16.191000+00:00,496.191,good,
CYCLE_0033,DMU50_001,OP_002,2026-03-01 15:41:00+00:00,2026-03-01 15:50:27.070000+00:00,567.07,scrap,surface_defect
CYCLE_0034,DMU50_001,OP_001,2026-03-01 15:54:00+00:00,2026-03-01 16:01:44.350000+00:00,464.35,good,
CYCLE_0035,DMU50_001,OP_002,2026-03-01 16:09:00+00:00,2026-03-01 16:17:51.521000+00:00,531.521,good,
CYCLE_0036,DMU50_001,OP_002,2026-03-01 16:45:00+00:00,2026-03-01 16:53:45.754000+00:00,525.754,scrap,surface_defect
CYCLE_0037,DMU50_001,OP_001,2026-03-01 16:58:00+00:00,2026-03-01 17:05:51.486000+00:00,471.486,good,
CYCLE_0038,DMU50_001,OP_002,2026-03-01 17:15:00+00:00,2026-03-01 17:23:43.012000+00:00,523.012,good,
CYCLE_0039,DMU50_001,OP_001,2026-03-01 17:53:00+00:00,2026-03-01 18:00:51.268000+00:00,471.268,scrap,surface_defect
CYCLE_0040,DMU50_001,OP_003,2026-03-01 18:04:00+00:00,2026-03-01 18:10:00.049000+00:00,360.049,good,
CYCLE_0041,DMU50_001,OP_001,2026-03-01 18:16:00+00:00,2026-03-01 18:23:53.380000+00:00,473.38,good,
CYCLE_0042,DMU50_001,OP_003,2026-03-01 18:31:00+00:00,2026-03-01 18:37:11.658000+00:00,371.658,scrap,surface_defect
CYCLE_0043,DMU50_001,OP_002,2026-03-01 18:55:00+00:00,2026-03-01 19:03:54.975000+00:00,534.975,good,
CYCLE_0044,DMU50_001,OP_001,2026-03-01 19:22:00+00:00,2026-03-01 19:30:22.982000+00:00,502.982,good,
CYCLE_0045,DMU50_001,OP_003,2026-03-01 19:38:00+00:00,2026-03-01 19:43:48.501000+00:00,348.501,scrap,surface_defect
CYCLE_0046,DMU50_001,OP_002,2026-03-01 19:58:00+00:00,2026-03-01 20:07:34.656000+00:00,574.656,good,
CYCLE_0047,DMU50_001,OP_001,2026-03-01 20:33:00+00:00,2026-03-01 20:41:25.902000+00:00,505.902,good,
CYCLE_0048,DMU50_001,OP_003,2026-03-01 20:49:00+00:00,2026-03-01 20:55:06.175000+00:00,366.175,scrap,surface_defect
CYCLE_0049,DMU50_001,OP_001,2026-03-01 21:02:00+00:00,2026-03-01 21:10:22.157000+00:00,502.157,good,
CYCLE_0050,DMU50_001,OP_003,2026-03-01 21:20:00+00:00,2026-03-01 21:26:22.514000+00:00,382.514,good,
CYCLE_0051,DMU50_001,OP_001,2026-03-01 21:32:00+00:00,2026-03-01 21:39:52.076000+00:00,472.076,scrap,surface_defect
CYCLE_0052,DMU50_001,OP_003,2026-03-01 21:50:00+00:00,2026-03-01 21:56:00.299000+00:00,360.299,good,
CYCLE_0053,DMU50_001,OP_003,2026-03-01 22:24:00+00:00,2026-03-01 22:30:22.155000+00:00,382.155,good,
CYCLE_0054,DMU50_001,OP_001,2026-03-01 22:39:00+00:00,2026-03-01 22:46:42.556000+00:00,462.556,scrap,surface_defect
CYCLE_0055,DMU50_001,OP_003,2026-03-01 22:57:00+00:00,2026-03-01 23:03:26.907000+00:00,386.907,good,
CYCLE_0056,DMU50_001,OP_003,2026-03-01 23:34:00+00:00,2026-03-01 23:39:57.831000+00:00,357.831,good,
CYCLE_0057,DMU50_001,OP_001,2026-03-01 23:55:00+00:00,2026-03-02 00:03:20.306000+00:00,500.306,scrap,surface_defect
CYCLE_0058,DMU50_001,OP_003,2026-03-02 00:12:00+00:00,2026-03-02 00:18:03.870000+00:00,363.87,good,
CYCLE_0059,DMU50_001,OP_001,2026-03-02 00:31:00+00:00,2026-03-02 00:39:26.481000+00:00,506.481,good,
CYCLE_0060,DMU50_001,OP_003,2026-03-02 00:46:00+00:00,2026-03-02 00:52:28.725000+00:00,388.725,scrap,surface_defect
CYCLE_0061,DMU50_001,OP_001,2026-03-02 01:02:00+00:00,2026-03-02 01:10:27.279000+00:00,507.279,good,
CYCLE_0062,DMU50_001,OP_003,2026-03-02 01:17:00+00:00,2026-03-02 01:22:54.741000+00:00,354.741,good,
CYCLE_0063,DMU50_001,OP_001,2026-03-02 01:30:00+00:00,2026-03-02 01:38:04.114000+00:00,484.114,scrap,surface_defect
CYCLE_0064,DMU50_001,OP_003,2026-03-02 01:42:00+00:00,2026-03-02 01:47:58.089000+00:00,358.089,good,
CYCLE_0065,DMU50_001,OP_001,2026-03-02 01:50:00+00:00,2026-03-02 01:57:41.223000+00:00,461.223,good,
CYCLE_0066,DMU50_001,OP_003,2026-03-02 02:00:00+00:00,2026-03-02 02:06:12.190000+00:00,372.19,scrap,surface_defect
CYCLE_0067,DMU50_001,OP_001,2026-03-02 02:18:00+00:00,2026-03-02 02:26:32.445000+00:00,512.445,good,
CYCLE_0068,DMU50_001,OP_003,2026-03-02 02:34:00+00:00,2026-03-02 02:40:24.903000+00:00,384.903,good,
CYCLE_0069,DMU50_001,OP_002,2026-03-02 02:56:00+00:00,2026-03-02 03:05:17.588000+00:00,557.588,scrap,surface_defect
CYCLE_0070,DMU50_001,OP_001,2026-03-02 03:09:00+00:00,2026-03-02 03:16:44.560000+00:00,464.56,good,
CYCLE_0071,DMU50_001,OP_002,2026-03-02 03:26:00+00:00,2026-03-02 03:35:16.625000+00:00,556.625,good,
CYCLE_0072,DMU50_001,OP_001,2026-03-02 04:04:00+00:00,2026-03-02 04:12:06.423000+00:00,486.423,scrap,surface_defect
CYCLE_0073,DMU50_001,OP_001,2026-03-02 04:41:00+00:00,2026-03-02 04:49:07.975000+00:00,487.975,good,
CYCLE_0074,DMU50_001,OP_003,2026-03-02 04:57:00+00:00,2026-03-02 05:03:28.684000+00:00,388.684,good,
CYCLE_0075,DMU50_001,OP_002,2026-03-02 05:23:00+00:00,2026-03-02 05:31:46.541000+00:00,526.541,scrap,surface_defect
CYCLE_0076,DMU50_001,OP_001,2026-03-02 05:52:00+00:00,2026-03-02 06:00:00.629000+00:00,480.629,good,
CYCLE_0077,DMU50_001,OP_002,2026-03-02 06:06:00+00:00,2026-03-02 06:15:19.059000+00:00,559.059,good,
CYCLE_0078,DMU50_001,OP_001,2026-03-02 06:22:00+00:00,2026-03-02 06:30:26.767000+00:00,506.767,scrap,surface_defect
CYCLE_0079,DMU50_001,OP_003,2026-03-02 06:53:00+00:00,2026-03-02 06:58:45.732000+00:00,345.732,good,
CYCLE_0080,DMU50_001,OP_001,2026-03-02 07:06:00+00:00,2026-03-02 07:14:34.642000+00:00,514.642,good,
CYCLE_0081,DMU50_001,OP_003,2026-03-02 07:26:00+00:00,2026-03-02 07:32:22.477000+00:00,382.477,scrap,surface_defect
CYCLE_0082,DMU50_001,OP_001,2026-03-02 07:40:00+00:00,2026-03-02 07:48:28.276000+00:00,508.276,good,
CYCLE_0083,DMU50_001,OP_001,2026-03-02 08:04:00+00:00,2026-03-02 08:11:44.194000+00:00,464.194,good,
CYCLE_0084,DMU50_001,OP_003,2026-03-02 08:32:00+00:00,2026-03-02 08:37:48.140000+00:00,348.14,scrap,surface_defect
CYCLE_0085,DMU50_001,OP_001,2026-03-02 08:45:00+00:00,2026-03-02 08:53:29.187000+00:00,509.187,good,
CYCLE_0086,DMU50_001,OP_003,2026-03-02 09:02:00+00:00,2026-03-02 09:07:49.996000+00:00,349.996,good,
CYCLE_0087,DMU50_001,OP_001,2026-03-02 09:15:00+00:00,2026-03-02 09:22:44.695000+00:00,464.695,scrap,surface_defect
CYCLE_0088,DMU50_001,OP_003,2026-03-02 09:27:00+00:00,2026-03-02 09:33:21.899000+00:00,381.899,good,
CYCLE_0089,DMU50_001,OP_001,2026-03-02 09:41:00+00:00,2026-03-02 09:48:41.850000+00:00,461.85,good,
CYCLE_0090,DMU50_001,OP_003,2026-03-02 09:56:00+00:00,2026-03-02 10:02:07.687000+00:00,367.687,scrap,surface_defect
CYCLE_0091,DMU50_001,OP_001,2026-03-02 10:09:00+00:00,2026-03-02 10:16:48.140000+00:00,468.14,good,
CYCLE_0092,DMU50_001,OP_001,2026-03-02 10:32:00+00:00,2026-03-02 10:39:54.295000+00:00,474.295,good,
CYCLE_0093,DMU50_001,OP_003,2026-03-02 11:05:00+00:00,2026-03-02 11:11:18.693000+00:00,378.693,scrap,surface_defect
CYCLE_0094,DMU50_001,OP_003,2026-03-02 11:39:00+00:00,2026-03-02 11:44:53.501000+00:00,353.501,good,
CYCLE_0095,DMU50_001,OP_001,2026-03-02 11:48:00+00:00,2026-03-02 11:56:18.583000+00:00,498.583,good,
CYCLE_0096,DMU50_001,OP_003,2026-03-02 12:02:00+00:00,2026-03-02 12:08:24.155000+00:00,384.155,scrap,surface_defect
CYCLE_0097,DMU50_001,OP_001,2026-03-02 12:48:00+00:00,2026-03-02 12:55:54.784000+00:00,474.784,good,
CYCLE_0098,DMU50_001,OP_003,2026-03-02 13:06:00+00:00,2026-03-02 13:12:14.089000+00:00,374.089,good,
CYCLE_0099,DMU50_001,OP_001,2026-03-02 13:21:00+00:00,2026-03-02 13:29:23.695000+00:00,503.695,scrap,surface_defect
CYCLE_0100,DMU50_001,OP_003,2026-03-02 13:33:00+00:00,2026-03-02 13:39:06.134000+00:00,366.134,good,
CYCLE_0101,DMU50_001,OP_002,2026-03-02 13:53:00+00:00,2026-03-02 14:02:06.391000+00:00,546.391,good,
CYCLE_0102,DMU50_001,OP_001,2026-03-02 14:10:00+00:00,2026-03-02 14:17:47.644000+00:00,467.644,scrap,surface_defect
CYCLE_0103,DMU50_001,OP_002,2026-03-02 14:26:00+00:00,2026-03-02 14:34:49.133000+00:00,529.133,good,
CYCLE_0104,DMU50_001,OP_002,2026-03-02 14:59:00+00:00,2026-03-02 15:07:51.052000+00:00,531.052,good,
CYCLE_0105,DMU50_001,OP_001,2026-03-02 15:10:00+00:00,2026-03-02 15:17:42.310000+00:00,462.31,scrap,surface_defect
CYCLE_0106,DMU50_001,OP_002,2026-03-02 15:23:00+00:00,2026-03-02 15:31:59.143000+00:00,539.143,good,
CYCLE_0107,DMU50_001,OP_001,2026-03-02 15:40:00+00:00,2026-03-02 15:48:07.964000+00:00,487.964,good,
CYCLE_0108,DMU50_001,OP_003,2026-03-02 16:03:00+00:00,2026-03-02 16:08:58.700000+00:00,358.7,scrap,surface_defect
CYCLE_0109,DMU50_001,OP_002,2026-03-02 16:28:00+00:00,2026-03-02 16:37:16.114000+00:00,556.114,good,
CYCLE_0110,DMU50_001,OP_001,2026-03-02 16:47:00+00:00,2026-03-02 16:55:24.593000+00:00,504.593,good,
CYCLE_0111,DMU50_001,OP_002,2026-03-02 17:02:00+00:00,2026-03-02 17:11:20.740000+00:00,560.74,scrap,surface_defect
CYCLE_0112,DMU50_001,OP_001,2026-03-02 17:18:00+00:00,2026-03-02 17:26:06.092000+00:00,486.092,good,
CYCLE_0113,DMU50_001,OP_002,2026-03-02 17:35:00+00:00,2026-03-02 17:44:27.422000+00:00,567.422,good,
CYCLE_0114,DMU50_001,OP_001,2026-03-02 17:47:00+00:00,2026-03-02 17:55:25.630000+00:00,505.63,scrap,surface_defect
CYCLE_0115,DMU50_001,OP_002,2026-03-02 18:01:00+00:00,2026-03-02 18:10:26.780000+00:00,566.78,good,
CYCLE_0116,DMU50_001,OP_001,2026-03-02 18:24:00+00:00,2026-03-02 18:32:07.776000+00:00,487.776,good,
CYCLE_0117,DMU50_001,OP_003,2026-03-02 18:38:00+00:00,2026-03-02 18:44:25.310000+00:00,385.31,scrap,surface_defect
CYCLE_0118,DMU50_001,OP_001,2026-03-02 18:55:00+00:00,2026-03-02 19:03:31.201000+00:00,511.201,good,
CYCLE_0119,DMU50_001,OP_003,2026-03-02 19:07:00+00:00,2026-03-02 19:13:01.639000+00:00,361.639,good,
CYCLE_0120,DMU50_001,OP_001,2026-03-02 19:22:00+00:00,2026-03-02 19:30:23.567000+00:00,503.567,scrap,surface_defect
CYCLE_0121,DMU50_001,OP_003,2026-03-02 19:38:00+00:00,2026-03-02 19:43:56.703000+00:00,356.703,good,
CYCLE_0122,DMU50_001,OP_001,2026-03-02 19:53:00+00:00,2026-03-02 20:01:11.600000+00:00,491.6,good,
CYCLE_0123,DMU50_001,OP_003,2026-03-02 20:04:00+00:00,2026-03-02 20:09:45.697000+00:00,345.697,scrap,surface_defect
CYCLE_0124,DMU50_001,OP_001,2026-03-02 20:19:00+00:00,2026-03-02 20:26:58.365000+00:00,478.365,good,
CYCLE_0125,DMU50_001,OP_003,2026-03-02 20:38:00+00:00,2026-03-02 20:44:12.107000+00:00,372.107,good,
CYCLE_0126,DMU50_001,OP_001,2026-03-02 20:49:00+00:00,2026-03-02 20:57:14.911000+00:00,494.911,scrap,surface_defect
CYCLE_0127,DMU50_001,OP_003,2026-03-02 21:07:00+00:00,2026-03-02 21:12:53.667000+00:00,353.667,good,
CYCLE_0128,DMU50_001,OP_001,2026-03-02 21:12:53.667000+00:00,2026-03-02 21:20:42.422000+00:00,468.755,good,
CYCLE_0129,DMU50_001,OP_002,2026-03-02 21:29:00+00:00,2026-03-02 21:37:40.333000+00:00,520.333,scrap,surface_defect
CYCLE_0130,DMU50_001,OP_001,2026-03-02 21:45:00+00:00,2026-03-02 21:53:32.753000+00:00,512.753,good,
CYCLE_0131,DMU50_001,OP_002,2026-03-02 21:57:00+00:00,2026-03-02 22:06:02.506000+00:00,542.506,good,
CYCLE_0132,DMU50_001,OP_001,2026-03-02 22:13:00+00:00,2026-03-02 22:21:13.480000+00:00,493.48,scrap,surface_defect
CYCLE_0133,DMU50_001,OP_003,2026-03-02 22:34:00+00:00,2026-03-02 22:39:58.404000+00:00,358.404,good,
CYCLE_0134,DMU50_001,OP_001,2026-03-02 22:46:00+00:00,2026-03-02 22:53:43.154000+00:00,463.154,good,
CYCLE_0135,DMU50_001,OP_001,2026-03-02 23:15:00+00:00,2026-03-02 23:23:33.330000+00:00,513.33,scrap,surface_defect
CYCLE_0136,DMU50_001,OP_002,2026-03-02 23:31:00+00:00,2026-03-02 23:40:08.082000+00:00,548.082,good,
CYCLE_0137,DMU50_001,OP_001,2026-03-02 23:45:00+00:00,2026-03-02 23:53:08.987000+00:00,488.987,good,
CYCLE_0138,DMU50_001,OP_002,2026-03-02 23:59:00+00:00,2026-03-03 00:07:39.713000+00:00,519.713,scrap,surface_defect
CYCLE_0139,DMU50_001,OP_001,2026-03-03 00:12:00+00:00,2026-03-03 00:20:36.883000+00:00,516.883,good,
CYCLE_0140,DMU50_001,OP_002,2026-03-03 00:27:00+00:00,2026-03-03 00:36:21.197000+00:00,561.197,good,
CYCLE_0141,DMU50_001,OP_001,2026-03-03 00:56:00+00:00,2026-03-03 01:03:49.381000+00:00,469.381,scrap,surface_defect
CYCLE_0142,DMU50_001,OP_003,2026-03-03 01:14:00+00:00,2026-03-03 01:19:47.541000+00:00,347.541,good,
CYCLE_0143,DMU50_001,OP_003,2026-03-03 02:07:00+00:00,2026-03-03 02:12:59.734000+00:00,359.734,good,
CYCLE_0144,DMU50_001,OP_001,2026-03-03 02:19:00+00:00,2026-03-03 02:26:50.875000+00:00,470.875,scrap,surface_defect
CYCLE_0145,DMU50_001,OP_003,2026-03-03 02:29:00+00:00,2026-03-03 02:34:52.751000+00:00,352.751,good,
CYCLE_0146,DMU50_001,OP_001,2026-03-03 02:40:00+00:00,2026-03-03 02:48:37.933000+00:00,517.933,good,
CYCLE_0147,DMU50_001,OP_003,2026-03-03 02:57:00+00:00,2026-03-03 03:03:24.723000+00:00,384.723,scrap,surface_defect
CYCLE_0148,DMU50_001,OP_001,2026-03-03 03:15:00+00:00,2026-03-03 03:23:18.119000+00:00,498.119,good,
CYCLE_0149,DMU50_001,OP_003,2026-03-03 03:32:00+00:00,2026-03-03 03:38:07.012000+00:00,367.012,good,
CYCLE_0150,DMU50_001,OP_001,2026-03-03 03:48:00+00:00,2026-03-03 03:56:11.692000+00:00,491.692,scrap,surface_defect
CYCLE_0151,DMU50_001,OP_003,2026-03-03 04:03:00+00:00,2026-03-03 04:09:21.391000+00:00,381.391,good,
CYCLE_0152,DMU50_001,OP_001,2026-03-03 04:22:00+00:00,2026-03-03 04:30:07.250000+00:00,487.25,good,
CYCLE_0153,DMU50_001,OP_003,2026-03-03 04:34:00+00:00,2026-03-03 04:40:19.746000+00:00,379.746,scrap,surface_defect
CYCLE_0154,DMU50_001,OP_003,2026-03-03 05:09:00+00:00,2026-03-03 05:15:19.116000+00:00,379.116,good,
CYCLE_0155,DMU50_001,OP_002,2026-03-03 05:34:00+00:00,2026-03-03 05:43:12.979000+00:00,552.979,good,
CYCLE_0156,DMU50_001,OP_001,2026-03-03 05:48:00+00:00,2026-03-03 05:56:29.785000+00:00,509.785,scrap,surface_defect
CYCLE_0157,DMU50_001,OP_002,2026-03-03 06:02:00+00:00,2026-03-03 06:10:45.347000+00:00,525.347,good,
CYCLE_0158,DMU50_001,OP_001,2026-03-03 06:16:00+00:00,2026-03-03 06:24:01.398000+00:00,481.398,good,
CYCLE_0159,DMU50_001,OP_002,2026-03-03 06:38:00+00:00,2026-03-03 06:47:10.405000+00:00,550.405,scrap,surface_defect
CYCLE_0160,DMU50_001,OP_001,2026-03-03 07:04:00+00:00,2026-03-03 07:11:41.886000+00:00,461.886,good,
CYCLE_0161,DMU50_001,OP_003,2026-03-03 07:17:00+00:00,2026-03-03 07:23:12.301000+00:00,372.301,good,
CYCLE_0162,DMU50_001,OP_001,2026-03-03 07:29:00+00:00,2026-03-03 07:36:48.325000+00:00,468.325,scrap,surface_defect
CYCLE_0163,DMU50_001,OP_001,2026-03-03 07:54:00+00:00,2026-03-03 08:01:51.612000+00:00,471.612,good,
CYCLE_0164,DMU50_001,OP_002,2026-03-03 08:07:00+00:00,2026-03-03 08:15:59.227000+00:00,539.227,good,
CYCLE_0165,DMU50_001,OP_003,2026-03-03 08:51:00+00:00,2026-03-03 08:56:50.536000+00:00,350.536,scrap,surface_defect
CYCLE_0166,DMU50_001,OP_002,2026-03-03 09:12:00+00:00,2026-03-03 09:20:57.746000+00:00,537.746,good,
CYCLE_0167,DMU50_001,OP_001,2026-03-03 09:31:00+00:00,2026-03-03 09:38:54.927000+00:00,474.927,good,
CYCLE_0168,DMU50_001,OP_002,2026-03-03 09:44:00+00:00,2026-03-03 09:53:05.214000+00:00,545.214,scrap,surface_defect
CYCLE_0169,DMU50_001,OP_001,2026-03-03 10:00:00+00:00,2026-03-03 10:08:29.792000+00:00,509.792,good,
CYCLE_0170,DMU50_001,OP_002,2026-03-03 10:17:00+00:00,2026-03-03 10:26:14.551000+00:00,554.551,good,
CYCLE_0171,DMU50_001,OP_001,2026-03-03 10:32:00+00:00,2026-03-03 10:40:20.048000+00:00,500.048,scrap,surface_defect
CYCLE_0172,DMU50_001,OP_002,2026-03-03 11:26:00+00:00,2026-03-03 11:35:09.600000+00:00,549.6,good,
CYCLE_0173,DMU50_001,OP_001,2026-03-03 11:40:00+00:00,2026-03-03 11:47:45.987000+00:00,465.987,good,
CYCLE_0174,DMU50_001,OP_002,2026-03-03 11:50:00+00:00,2026-03-03 11:59:34.497000+00:00,574.497,scrap,surface_defect
CYCLE_0175,DMU50_001,OP_001,2026-03-03 12:06:00+00:00,2026-03-03 12:14:01.888000+00:00,481.888,good,
CYCLE_0176,DMU50_001,OP_003,2026-03-03 12:32:00+00:00,2026-03-03 12:38:28.353000+00:00,388.353,good,
CYCLE_0177,DMU50_001,OP_001,2026-03-03 12:46:00+00:00,2026-03-03 12:54:01.278000+00:00,481.278,scrap,surface_defect
CYCLE_0178,DMU50_001,OP_003,2026-03-03 12:57:00+00:00,2026-03-03 13:03:27.937000+00:00,387.937,good,
CYCLE_0179,DMU50_001,OP_003,2026-03-03 13:28:00+00:00,2026-03-03 13:33:48.645000+00:00,348.645,good,
CYCLE_0180,DMU50_001,OP_001,2026-03-03 13:46:00+00:00,2026-03-03 13:53:40.894000+00:00,460.894,scrap,surface_defect
CYCLE_0181,DMU50_001,OP_003,2026-03-03 14:00:00+00:00,2026-03-03 14:05:56.416000+00:00,356.416,good,
CYCLE_0182,DMU50_001,OP_003,2026-03-03 14:41:00+00:00,2026-03-03 14:46:46.658000+00:00,346.658,good,
CYCLE_0183,DMU50_001,OP_001,2026-03-03 14:57:00+00:00,2026-03-03 15:05:37.832000+00:00,517.832,scrap,surface_defect
CYCLE_0184,DMU50_001,OP_003,2026-03-03 15:12:00+00:00,2026-03-03 15:17:57.447000+00:00,357.447,good,
CYCLE_0185,DMU50_001,OP_001,2026-03-03 15:27:00+00:00,2026-03-03 15:34:50.039000+00:00,470.039,good,
CYCLE_0186,DMU50_001,OP_003,2026-03-03 15:48:00+00:00,2026-03-03 15:54:18.217000+00:00,378.217,scrap,surface_defect
CYCLE_0187,DMU50_001,OP_001,2026-03-03 16:09:00+00:00,2026-03-03 16:17:12.697000+00:00,492.697,good,
CYCLE_0188,DMU50_001,OP_003,2026-03-03 16:29:00+00:00,2026-03-03 16:34:58.709000+00:00,358.709,good,
CYCLE_0189,DMU50_001,OP_002,2026-03-03 16:52:00+00:00,2026-03-03 17:01:02+00:00,542.0,scrap,surface_defect
CYCLE_0190,DMU50_001,OP_001,2026-03-03 17:11:00+00:00,2026-03-03 17:18:51.781000+00:00,471.781,good,
CYCLE_0191,DMU50_001,OP_002,2026-03-03 17:26:00+00:00,2026-03-03 17:34:43.524000+00:00,523.524,good,
CYCLE_0192,DMU50_001,OP_001,2026-03-03 17:48:00+00:00,2026-03-03 17:55:45.139000+00:00,465.139,scrap,surface_defect
CYCLE_0193,DMU50_001,OP_002,2026-03-03 17:58:00+00:00,2026-03-03 18:07:29.631000+00:00,569.631,good,
CYCLE_0194,DMU50_001,OP_001,2026-03-03 18:12:00+00:00,2026-03-03 18:20:37.321000+00:00,517.321,good,
CYCLE_0195,DMU50_001,OP_002,2026-03-03 18:29:00+00:00,2026-03-03 18:38:28.235000+00:00,568.235,scrap,surface_defect
CYCLE_0196,DMU50_001,OP_001,2026-03-03 18:40:00+00:00,2026-03-03 18:48:33.374000+00:00,513.374,good,
CYCLE_0197,DMU50_001,OP_002,2026-03-03 18:55:00+00:00,2026-03-03 19:04:35.654000+00:00,575.654,good,
CYCLE_0198,DMU50_001,OP_001,2026-03-03 19:11:00+00:00,2026-03-03 19:19:09.412000+00:00,489.412,scrap,surface_defect
CYCLE_0199,DMU50_001,OP_002,2026-03-03 19:25:00+00:00,2026-03-03 19:33:51.536000+00:00,531.536,good,
CYCLE_0200,DMU50_001,OP_001,2026-03-03 19:44:00+00:00,2026-03-03 19:52:37.135000+00:00,517.135,good,
CYCLE_0201,DMU50_001,OP_003,2026-03-03 20:06:00+00:00,2026-03-03 20:11:59.919000+00:00,359.919,scrap,surface_defect
CYCLE_0202,DMU50_001,OP_003,2026-03-03 20:46:00+00:00,2026-03-03 20:52:28.221000+00:00,388.221,good,
CYCLE_0203,DMU50_001,OP_001,2026-03-03 20:59:00+00:00,2026-03-03 21:07:21.116000+00:00,501.116,good,
CYCLE_0204,DMU50_001,OP_003,2026-03-03 21:12:00+00:00,2026-03-03 21:18:22.629000+00:00,382.629,scrap,surface_defect
CYCLE_0205,DMU50_001,OP_001,2026-03-03 21:27:00+00:00,2026-03-03 21:34:46.928000+00:00,466.928,good,
CYCLE_0206,DMU50_001,OP_003,2026-03-03 21:37:00+00:00,2026-03-03 21:43:22.931000+00:00,382.931,good,
CYCLE_0207,DMU50_001,OP_001,2026-03-03 21:47:00+00:00,2026-03-03 21:55:19.690000+00:00,499.69,scrap,surface_defect
CYCLE_0208,DMU50_001,OP_003,2026-03-03 22:16:00+00:00,2026-03-03 22:21:59.559000+00:00,359.559,good,
CYCLE_0209,DMU50_001,OP_002,2026-03-03 22:45:00+00:00,2026-03-03 22:54:13.996000+00:00,553.996,good,
CYCLE_0210,DMU50_001,OP_001,2026-03-03 23:01:00+00:00,2026-03-03 23:09:10.302000+00:00,490.302,scrap,surface_defect
CYCLE_0211,DMU50_001,OP_003,2026-03-03 23:39:00+00:00,2026-03-03 23:45:13.187000+00:00,373.187,good,
CYCLE_0212,DMU50_001,OP_001,2026-03-03 23:51:00+00:00,2026-03-03 23:58:47.094000+00:00,467.094,good,
CYCLE_0213,DMU50_001,OP_001,2026-03-04 00:17:00+00:00,2026-03-04 00:24:59.861000+00:00,479.861,scrap,surface_defect
CYCLE_0214,DMU50_001,OP_003,2026-03-04 00:43:00+00:00,2026-03-04 00:48:57.391000+00:00,357.391,good,
CYCLE_0215,DMU50_001,OP_001,2026-03-04 00:51:00+00:00,2026-03-04 00:58:59.576000+00:00,479.576,good,
CYCLE_0216,DMU50_001,OP_003,2026-03-04 01:07:00+00:00,2026-03-04 01:13:13.616000+00:00,373.616,scrap,surface_defect
CYCLE_0217,DMU50_001,OP_001,2026-03-04 01:21:00+00:00,2026-03-04 01:29:00.405000+00:00,480.405,good,
CYCLE_0218,DMU50_001,OP_003,2026-03-04 01:39:00+00:00,2026-03-04 01:44:53.197000+00:00,353.197,good,
CYCLE_0219,DMU50_001,OP_001,2026-03-04 01:55:00+00:00,2026-03-04 02:02:52.358000+00:00,472.358,scrap,surface_defect
CYCLE_0220,DMU50_001,OP_003,2026-03-04 02:12:00+00:00,2026-03-04 02:18:06.067000+00:00,366.067,good,
CYCLE_0221,DMU50_001,OP_001,2026-03-04 02:24:00+00:00,2026-03-04 02:31:56.521000+00:00,476.521,good,
CYCLE_0222,DMU50_001,OP_003,2026-03-04 02:34:00+00:00,2026-03-04 02:40:25.275000+00:00,385.275,scrap,surface_defect
CYCLE_0223,DMU50_001,OP_001,2026-03-04 02:55:00+00:00,2026-03-04 03:02:58.656000+00:00,478.656,good,
CYCLE_0224,DMU50_001,OP_001,2026-03-04 03:33:00+00:00,2026-03-04 03:40:48.072000+00:00,468.072,good,
CYCLE_0225,DMU50_001,OP_003,2026-03-04 03:53:00+00:00,2026-03-04 03:59:03.603000+00:00,363.603,scrap,surface_defect
CYCLE_0226,DMU50_001,OP_001,2026-03-04 04:05:00+00:00,2026-03-04 04:13:31.608000+00:00,511.608,good,
CYCLE_0227,DMU50_001,OP_003,2026-03-04 04:20:00+00:00,2026-03-04 04:26:10.410000+00:00,370.41,good,
CYCLE_0228,DMU50_001,OP_001,2026-03-04 04:39:00+00:00,2026-03-04 04:47:20.321000+00:00,500.321,scrap,surface_defect
CYCLE_0229,DMU50_001,OP_003,2026-03-04 04:58:00+00:00,2026-03-04 05:04:05.246000+00:00,365.246,good,
CYCLE_0230,DMU50_001,OP_001,2026-03-04 05:12:00+00:00,2026-03-04 05:20:14.165000+00:00,494.165,good,
CYCLE_0231,DMU50_001,OP_003,2026-03-04 05:31:00+00:00,2026-03-04 05:37:20.631000+00:00,380.631,scrap,surface_defect
CYCLE_0232,DMU50_001,OP_001,2026-03-04 05:43:00+00:00,2026-03-04 05:51:31.194000+00:00,511.194,good,
CYCLE_0233,DMU50_001,OP_003,2026-03-04 05:54:00+00:00,2026-03-04 05:59:52.405000+00:00,352.405,good,
CYCLE_0234,DMU50_001,OP_001,2026-03-04 06:08:00+00:00,2026-03-04 06:15:42.811000+00:00,462.811,scrap,surface_defect
CYCLE_0235,DMU50_001,OP_003,2026-03-04 06:24:00+00:00,2026-03-04 06:30:14.117000+00:00,374.117,good,
CYCLE_0236,DMU50_001,OP_001,2026-03-04 06:39:00+00:00,2026-03-04 06:46:47.215000+00:00,467.215,good,
CYCLE_0237,DMU50_001,OP_003,2026-03-04 06:56:00+00:00,2026-03-04 07:01:48.950000+00:00,348.95,scrap,surface_defect
CYCLE_0238,DMU50_001,OP_003,2026-03-04 07:26:00+00:00,2026-03-04 07:32:18.435000+00:00,378.435,good,
CYCLE_0239,DMU50_001,OP_001,2026-03-04 07:44:00+00:00,2026-03-04 07:52:38.222000+00:00,518.222,good,
CYCLE_0240,DMU50_001,OP_003,2026-03-04 07:59:00+00:00,2026-03-04 08:04:57.934000+00:00,357.934,scrap,surface_defect
CYCLE_0241,DMU50_001,OP_002,2026-03-04 08:17:00+00:00,2026-03-04 08:26:25.613000+00:00,565.613,good,
CYCLE_0242,DMU50_001,OP_001,2026-03-04 08:29:00+00:00,2026-03-04 08:36:54.887000+00:00,474.887,good,
CYCLE_0243,DMU50_001,OP_001,2026-03-04 09:08:00+00:00,2026-03-04 09:16:19.311000+00:00,499.311,scrap,surface_defect
CYCLE_0244,DMU50_001,OP_002,2026-03-04 09:23:00+00:00,2026-03-04 09:32:09.406000+00:00,549.406,good,
CYCLE_0245,DMU50_001,OP_001,2026-03-04 09:36:00+00:00,2026-03-04 09:44:25.482000+00:00,505.482,good,
CYCLE_0246,DMU50_001,OP_003,2026-03-04 10:05:00+00:00,2026-03-04 10:11:00.388000+00:00,360.388,scrap,surface_defect
CYCLE_0247,DMU50_001,OP_001,2026-03-04 10:17:00+00:00,2026-03-04 10:24:48.512000+00:00,468.512,good,
CYCLE_0248,DMU50_001,OP_003,2026-03-04 10:32:00+00:00,2026-03-04 10:37:49.335000+00:00,349.335,good,
CYCLE_0249,DMU50_001,OP_001,2026-03-04 10:46:00+00:00,2026-03-04 10:53:50.440000+00:00,470.44,scrap,surface_defect
CYCLE_0250,DMU50_001,OP_003,2026-03-04 10:59:00+00:00,2026-03-04 11:05:19.883000+00:00,379.883,good,
CYCLE_0251,DMU50_001,OP_001,2026-03-04 11:17:00+00:00,2026-03-04 11:25:16.045000+00:00,496.045,good,
CYCLE_0252,DMU50_001,OP_003,2026-03-04 11:29:00+00:00,2026-03-04 11:35:10.091000+00:00,370.091,scrap,surface_defect
CYCLE_0253,DMU50_001,OP_002,2026-03-04 11:56:00+00:00,2026-03-04 12:05:16.656000+00:00,556.656,good,
CYCLE_0254,DMU50_001,OP_001,2026-03-04 12:17:00+00:00,2026-03-04 12:24:49.361000+00:00,469.361,good,
CYCLE_0255,DMU50_001,OP_002,2026-03-04 12:29:00+00:00,2026-03-04 12:38:13.591000+00:00,553.591,scrap,surface_defect
CYCLE_0256,DMU50_001,OP_001,2026-03-04 12:59:00+00:00,2026-03-04 13:06:44.841000+00:00,464.841,good,
CYCLE_0257,DMU50_001,OP_003,2026-03-04 13:12:00+00:00,2026-03-04 13:18:20.345000+00:00,380.345,good,
CYCLE_0258,DMU50_001,OP_001,2026-03-04 13:26:00+00:00,2026-03-04 13:34:15.658000+00:00,495.658,scrap,surface_defect
CYCLE_0259,DMU50_001,OP_003,2026-03-04 13:38:00+00:00,2026-03-04 13:43:59.271000+00:00,359.271,good,
CYCLE_0260,DMU50_001,OP_001,2026-03-04 13:49:00+00:00,2026-03-04 13:57:00.572000+00:00,480.572,good,
CYCLE_0261,DMU50_001,OP_003,2026-03-04 14:04:00+00:00,2026-03-04 14:10:24.882000+00:00,384.882,scrap,surface_defect
CYCLE_0262,DMU50_001,OP_001,2026-03-04 14:16:00+00:00,2026-03-04 14:24:20.072000+00:00,500.072,good,
CYCLE_0263,DMU50_001,OP_003,2026-03-04 14:29:00+00:00,2026-03-04 14:34:51.268000+00:00,351.268,good,
CYCLE_0264,DMU50_001,OP_001,2026-03-04 14:45:00+00:00,2026-03-04 14:52:52.863000+00:00,472.863,scrap,surface_defect
CYCLE_0265,DMU50_001,OP_003,2026-03-04 14:59:00+00:00,2026-03-04 15:05:19.259000+00:00,379.259,good,
CYCLE_0266,DMU50_001,OP_003,2026-03-04 15:36:00+00:00,2026-03-04 15:42:04.745000+00:00,364.745,good,
CYCLE_0267,DMU50_001,OP_001,2026-03-04 15:59:00+00:00,2026-03-04 16:07:30.848000+00:00,510.848,scrap,surface_defect
CYCLE_0268,DMU50_001,OP_003,2026-03-04 16:16:00+00:00,2026-03-04 16:21:54.096000+00:00,354.096,good,
CYCLE_0269,DMU50_001,OP_001,2026-03-04 16:31:00+00:00,2026-03-04 16:39:01.773000+00:00,481.773,good,
CYCLE_0270,DMU50_001,OP_003,2026-03-04 16:48:00+00:00,2026-03-04 16:54:25.522000+00:00,385.522,scrap,surface_defect
CYCLE_0271,DMU50_001,OP_001,2026-03-04 17:01:00+00:00,2026-03-04 17:09:04.711000+00:00,484.711,good,
CYCLE_0272,DMU50_001,OP_003,2026-03-04 17:16:00+00:00,2026-03-04 17:21:48.417000+00:00,348.417,good,
CYCLE_0273,DMU50_001,OP_001,2026-03-04 17:26:00+00:00,2026-03-04 17:34:09.696000+00:00,489.696,scrap,surface_defect
CYCLE_0274,DMU50_001,OP_003,2026-03-04 17:42:00+00:00,2026-03-04 17:48:25.429000+00:00,385.429,good,
CYCLE_0275,DMU50_001,OP_001,2026-03-04 17:58:00+00:00,2026-03-04 18:06:06.052000+00:00,486.052,good,
CYCLE_0276,DMU50_001,OP_003,2026-03-04 18:09:00+00:00,2026-03-04 18:15:14.061000+00:00,374.061,scrap,surface_defect
CYCLE_0277,DMU50_001,OP_001,2026-03-04 18:21:00+00:00,2026-03-04 18:28:53.146000+00:00,473.146,good,
CYCLE_0278,DMU50_001,OP_003,2026-03-04 18:34:00+00:00,2026-03-04 18:40:13.425000+00:00,373.425,good,
CYCLE_0279,DMU50_001,OP_001,2026-03-04 18:49:00+00:00,2026-03-04 18:56:41.053000+00:00,461.053,scrap,surface_defect
CYCLE_0280,DMU50_001,OP_003,2026-03-04 19:00:00+00:00,2026-03-04 19:05:45.862000+00:00,345.862,good,
CYCLE_0281,DMU50_001,OP_001,2026-03-04 19:07:00+00:00,2026-03-04 19:15:05.603000+00:00,485.603,good,
CYCLE_0282,DMU50_001,OP_003,2026-03-04 19:18:00+00:00,2026-03-04 19:23:57.509000+00:00,357.509,scrap,surface_defect
CYCLE_0283,DMU50_001,OP_001,2026-03-04 19:31:00+00:00,2026-03-04 19:38:58.576000+00:00,478.576,good,
CYCLE_0284,DMU50_001,OP_003,2026-03-04 19:46:00+00:00,2026-03-04 19:52:25.184000+00:00,385.184,good,
CYCLE_0285,DMU50_001,OP_001,2026-03-04 20:05:00+00:00,2026-03-04 20:13:36.496000+00:00,516.496,scrap,surface_defect
CYCLE_0286,DMU50_001,OP_003,2026-03-04 20:17:00+00:00,2026-03-04 20:22:59.376000+00:00,359.376,good,
CYCLE_0287,DMU50_001,OP_003,2026-03-04 20:43:00+00:00,2026-03-04 20:49:06.815000+00:00,366.815,good,
CYCLE_0288,DMU50_001,OP_001,2026-03-04 21:00:00+00:00,2026-03-04 21:07:56.596000+00:00,476.596,scrap,surface_defect
CYCLE_0289,DMU50_001,OP_003,2026-03-04 21:18:00+00:00,2026-03-04 21:23:59.244000+00:00,359.244,good,
CYCLE_0290,DMU50_001,OP_001,2026-03-04 21:27:00+00:00,2026-03-04 21:34:51.602000+00:00,471.602,good,
CYCLE_0291,DMU50_001,OP_003,2026-03-04 21:39:00+00:00,2026-03-04 21:45:22.002000+00:00,382.002,scrap,surface_defect
CYCLE_0292,DMU50_001,OP_001,2026-03-04 21:52:00+00:00,2026-03-04 22:00:05.963000+00:00,485.963,good,
CYCLE_0293,DMU50_001,OP_003,2026-03-04 22:04:00+00:00,2026-03-04 22:09:47.590000+00:00,347.59,good,
CYCLE_0294,DMU50_001,OP_002,2026-03-04 22:28:00+00:00,2026-03-04 22:37:25.683000+00:00,565.683,scrap,surface_defect
CYCLE_0295,DMU50_001,OP_001,2026-03-04 22:59:00+00:00,2026-03-04 23:07:05.928000+00:00,485.928,good,
CYCLE_0296,DMU50_001,OP_001,2026-03-04 23:16:00+00:00,2026-03-04 23:24:20.024000+00:00,500.024,good,
CYCLE_0297,DMU50_001,OP_002,2026-03-04 23:38:00+00:00,2026-03-04 23:47:39.352000+00:00,579.352,scrap,surface_defect
CYCLE_0298,DMU50_001,OP_002,2026-03-05 00:19:00+00:00,2026-03-05 00:28:10.839000+00:00,550.839,good,
CYCLE_0299,DMU50_001,OP_001,2026-03-05 00:37:00+00:00,2026-03-05 00:45:12.617000+00:00,492.617,good,
CYCLE_0300,DMU50_001,OP_003,2026-03-05 01:10:00+00:00,2026-03-05 01:16:14.324000+00:00,374.324,scrap,surface_defect
CYCLE_0301,DMU50_001,OP_001,2026-03-05 01:26:00+00:00,2026-03-05 01:34:04.490000+00:00,484.49,good,
CYCLE_0302,DMU50_001,OP_003,2026-03-05 01:42:00+00:00,2026-03-05 01:47:53.330000+00:00,353.33,good,
CYCLE_0303,DMU50_001,OP_003,2026-03-05 02:09:00+00:00,2026-03-05 02:15:11.244000+00:00,371.244,scrap,surface_defect
CYCLE_0304,DMU50_001,OP_001,2026-03-05 02:17:00+00:00,2026-03-05 02:25:20.100000+00:00,500.1,good,
CYCLE_0305,DMU50_001,OP_003,2026-03-05 02:34:00+00:00,2026-03-05 02:39:59.952000+00:00,359.952,good,
CYCLE_0306,DMU50_001,OP_001,2026-03-05 02:51:00+00:00,2026-03-05 02:58:45.045000+00:00,465.045,scrap,surface_defect
CYCLE_0307,DMU50_001,OP_003,2026-03-05 03:02:00+00:00,2026-03-05 03:07:50.912000+00:00,350.912,good,
CYCLE_0308,DMU50_001,OP_001,2026-03-05 03:14:00+00:00,2026-03-05 03:22:31.426000+00:00,511.426,good,
CYCLE_0309,DMU50_001,OP_003,2026-03-05 03:30:00+00:00,2026-03-05 03:35:57.477000+00:00,357.477,scrap,surface_defect
CYCLE_0310,DMU50_001,OP_001,2026-03-05 03:44:00+00:00,2026-03-05 03:52:03.543000+00:00,483.543,good,
CYCLE_0311,DMU50_001,OP_003,2026-03-05 03:55:00+00:00,2026-03-05 04:00:51.557000+00:00,351.557,good,
CYCLE_0312,DMU50_001,OP_001,2026-03-05 04:10:00+00:00,2026-03-05 04:17:48.668000+00:00,468.668,scrap,surface_defect
CYCLE_0313,DMU50_001,OP_003,2026-03-05 04:28:00+00:00,2026-03-05 04:33:54.313000+00:00,354.313,good,
CYCLE_0314,DMU50_001,OP_001,2026-03-05 04:50:00+00:00,2026-03-05 04:58:27.202000+00:00,507.202,good,
CYCLE_0315,DMU50_001,OP_003,2026-03-05 05:07:00+00:00,2026-03-05 05:12:49.347000+00:00,349.347,scrap,surface_defect
CYCLE_0316,DMU50_001,OP_002,2026-03-05 05:30:00+00:00,2026-03-05 05:39:19.239000+00:00,559.239,good,
CYCLE_0317,DMU50_001,OP_001,2026-03-05 05:46:00+00:00,2026-03-05 05:53:56.854000+00:00,476.854,good,
CYCLE_0318,DMU50_001,OP_002,2026-03-05 05:58:00+00:00,2026-03-05 06:07:35.827000+00:00,575.827,scrap,surface_defect
CYCLE_0319,DMU50_001,OP_001,2026-03-05 06:16:00+00:00,2026-03-05 06:24:25.451000+00:00,505.451,good,
CYCLE_0320,DMU50_001,OP_002,2026-03-05 06:31:00+00:00,2026-03-05 06:39:45.870000+00:00,525.87,good,
CYCLE_0321,DMU50_001,OP_001,2026-03-05 06:52:00+00:00,2026-03-05 06:59:54.501000+00:00,474.501,scrap,surface_defect
CYCLE_0322,DMU50_001,OP_003,2026-03-05 07:17:00+00:00,2026-03-05 07:23:04.324000+00:00,364.324,good,
CYCLE_0323,DMU50_001,OP_001,2026-03-05 07:34:00+00:00,2026-03-05 07:42:20.883000+00:00,500.883,good,
CYCLE_0324,DMU50_001,OP_003,2026-03-05 07:45:00+00:00,2026-03-05 07:51:08.034000+00:00,368.034,scrap,surface_defect
CYCLE_0325,DMU50_001,OP_001,2026-03-05 07:57:00+00:00,2026-03-05 08:04:53.581000+00:00,473.581,good,
CYCLE_0326,DMU50_001,OP_003,2026-03-05 08:14:00+00:00,2026-03-05 08:20:02.340000+00:00,362.34,good,
CYCLE_0327,DMU50_001,OP_001,2026-03-05 08:26:00+00:00,2026-03-05 08:33:49.425000+00:00,469.425,scrap,surface_defect
CYCLE_0328,DMU50_001,OP_003,2026-03-05 08:41:00+00:00,2026-03-05 08:47:11.635000+00:00,371.635,good,
CYCLE_0329,DMU50_001,OP_001,2026-03-05 08:54:00+00:00,2026-03-05 09:02:30.327000+00:00,510.327,good,
CYCLE_0330,DMU50_001,OP_003,2026-03-05 09:08:00+00:00,2026-03-05 09:13:50.311000+00:00,350.311,scrap,surface_defect
CYCLE_0331,DMU50_001,OP_001,2026-03-05 09:21:00+00:00,2026-03-05 09:29:03.485000+00:00,483.485,good,
CYCLE_0332,DMU50_001,OP_003,2026-03-05 09:36:00+00:00,2026-03-05 09:41:55.321000+00:00,355.321,good,
CYCLE_0333,DMU50_001,OP_001,2026-03-05 09:41:55.321000+00:00,2026-03-05 09:49:52.279000+00:00,476.958,scrap,surface_defect
CYCLE_0334,DMU50_001,OP_003,2026-03-05 10:01:00+00:00,2026-03-05 10:07:15.494000+00:00,375.494,good,
CYCLE_0335,DMU50_001,OP_001,2026-03-05 10:15:00+00:00,2026-03-05 10:22:53.523000+00:00,473.523,good,
CYCLE_0336,DMU50_001,OP_003,2026-03-05 10:27:00+00:00,2026-03-05 10:33:23.996000+00:00,383.996,scrap,surface_defect
CYCLE_0337,DMU50_001,OP_001,2026-03-05 10:43:00+00:00,2026-03-05 10:51:09.533000+00:00,489.533,good,
CYCLE_0338,DMU50_001,OP_003,2026-03-05 11:00:00+00:00,2026-03-05 11:05:53.371000+00:00,353.371,good,
CYCLE_0339,DMU50_001,OP_001,2026-03-05 11:18:00+00:00,2026-03-05 11:26:21.706000+00:00,501.706,scrap,surface_defect
CYCLE_0340,DMU50_001,OP_003,2026-03-05 11:30:00+00:00,2026-03-05 11:36:23.592000+00:00,383.592,good,
CYCLE_0341,DMU50_001,OP_002,2026-03-05 12:06:00+00:00,2026-03-05 12:14:52.443000+00:00,532.443,good,
CYCLE_0342,DMU50_001,OP_001,2026-03-05 12:19:00+00:00,2026-03-05 12:27:07.619000+00:00,487.619,scrap,surface_defect
CYCLE_0343,DMU50_001,OP_002,2026-03-05 12:33:00+00:00,2026-03-05 12:42:39.388000+00:00,579.388,good,
CYCLE_0344,DMU50_001,OP_001,2026-03-05 12:48:00+00:00,2026-03-05 12:56:27.738000+00:00,507.738,good,
CYCLE_0345,DMU50_001,OP_002,2026-03-05 13:03:00+00:00,2026-03-05 13:12:21.681000+00:00,561.681,scrap,surface_defect
CYCLE_0346,DMU50_001,OP_001,2026-03-05 13:17:00+00:00,2026-03-05 13:25:04.296000+00:00,484.296,good,
CYCLE_0347,DMU50_001,OP_002,2026-03-05 13:28:00+00:00,2026-03-05 13:36:48.829000+00:00,528.829,good,
CYCLE_0348,DMU50_001,OP_001,2026-03-05 13:47:00+00:00,2026-03-05 13:55:31.475000+00:00,511.475,scrap,surface_defect
CYCLE_0349,DMU50_001,OP_002,2026-03-05 14:04:00+00:00,2026-03-05 14:13:00.520000+00:00,540.52,good,
CYCLE_0350,DMU50_001,OP_001,2026-03-05 14:20:00+00:00,2026-03-05 14:28:08.734000+00:00,488.734,good,
CYCLE_0351,DMU50_001,OP_002,2026-03-05 14:35:00+00:00,2026-03-05 14:43:56.978000+00:00,536.978,scrap,surface_defect
CYCLE_0352,DMU50_001,OP_001,2026-03-05 15:05:00+00:00,2026-03-05 15:13:26.164000+00:00,506.164,good,
CYCLE_0353,DMU50_001,OP_003,2026-03-05 15:24:00+00:00,2026-03-05 15:30:12.860000+00:00,372.86,good,
CYCLE_0354,DMU50_001,OP_001,2026-03-05 15:34:00+00:00,2026-03-05 15:42:01.755000+00:00,481.755,scrap,surface_defect
CYCLE_0355,DMU50_001,OP_003,2026-03-05 15:50:00+00:00,2026-03-05 15:56:12.888000+00:00,372.888,good,
CYCLE_0356,DMU50_001,OP_001,2026-03-05 15:59:00+00:00,2026-03-05 16:07:30.241000+00:00,510.241,good,
CYCLE_0357,DMU50_001,OP_001,2026-03-05 16:25:00+00:00,2026-03-05 16:33:37.468000+00:00,517.468,scrap,surface_defect
CYCLE_0358,DMU50_001,OP_003,2026-03-05 16:54:00+00:00,2026-03-05 17:00:11.312000+00:00,371.312,good,
CYCLE_0359,DMU50_001,OP_003,2026-03-05 17:30:00+00:00,2026-03-05 17:35:55.441000+00:00,355.441,good,
CYCLE_0360,DMU50_001,OP_002,2026-03-05 17:56:00+00:00,2026-03-05 18:05:41.945000+00:00,581.945,scrap,surface_defect
CYCLE_0361,DMU50_001,OP_001,2026-03-05 18:12:00+00:00,2026-03-05 18:19:54.433000+00:00,474.433,good,
CYCLE_0362,DMU50_001,OP_002,2026-03-05 18:27:00+00:00,2026-03-05 18:35:54.145000+00:00,534.145,good,
CYCLE_0363,DMU50_001,OP_001,2026-03-05 18:45:00+00:00,2026-03-05 18:53:21.963000+00:00,501.963,scrap,surface_defect
CYCLE_0364,DMU50_001,OP_002,2026-03-05 18:59:00+00:00,2026-03-05 19:07:48.708000+00:00,528.708,good,
CYCLE_0365,DMU50_001,OP_001,2026-03-05 19:18:00+00:00,2026-03-05 19:25:54.837000+00:00,474.837,good,
CYCLE_0366,DMU50_001,OP_002,2026-03-05 19:36:00+00:00,2026-03-05 19:44:38.999000+00:00,518.999,scrap,surface_defect
CYCLE_0367,DMU50_001,OP_001,2026-03-05 19:53:00+00:00,2026-03-05 20:00:59.131000+00:00,479.131,good,
CYCLE_0368,DMU50_001,OP_003,2026-03-05 20:20:00+00:00,2026-03-05 20:26:12.672000+00:00,372.672,good,
CYCLE_0369,DMU50_001,OP_001,2026-03-05 20:32:00+00:00,2026-03-05 20:39:59.062000+00:00,479.062,scrap,surface_defect
CYCLE_0370,DMU50_001,OP_003,2026-03-05 20:48:00+00:00,2026-03-05 20:54:10.750000+00:00,370.75,good,
CYCLE_0371,DMU50_001,OP_001,2026-03-05 21:02:00+00:00,2026-03-05 21:10:07.590000+00:00,487.59,good,
CYCLE_0372,DMU50_001,OP_003,2026-03-05 21:17:00+00:00,2026-03-05 21:23:20.673000+00:00,380.673,scrap,surface_defect
CYCLE_0373,DMU50_001,OP_002,2026-03-05 21:48:00+00:00,2026-03-05 21:56:52.911000+00:00,532.911,good,
CYCLE_0374,DMU50_001,OP_001,2026-03-05 22:14:00+00:00,2026-03-05 22:21:58.495000+00:00,478.495,good,
CYCLE_0375,DMU50_001,OP_003,2026-03-05 22:29:00+00:00,2026-03-05 22:35:12.950000+00:00,372.95,scrap,surface_defect
CYCLE_0376,DMU50_001,OP_002,2026-03-05 22:53:00+00:00,2026-03-05 23:01:45.081000+00:00,525.081,good,
CYCLE_0377,DMU50_001,OP_003,2026-03-05 23:41:00+00:00,2026-03-05 23:47:11.326000+00:00,371.326,good,
CYCLE_0378,DMU50_001,OP_002,2026-03-06 00:05:00+00:00,2026-03-06 00:14:08.930000+00:00,548.93,scrap,surface_defect
CYCLE_0379,DMU50_001,OP_002,2026-03-06 00:37:00+00:00,2026-03-06 00:46:21.358000+00:00,561.358,good,
CYCLE_0380,DMU50_001,OP_001,2026-03-06 00:55:00+00:00,2026-03-06 01:02:50.398000+00:00,470.398,good,
CYCLE_0381,DMU50_001,OP_002,2026-03-06 01:08:00+00:00,2026-03-06 01:17:06.885000+00:00,546.885,scrap,surface_defect
CYCLE_0382,DMU50_001,OP_003,2026-03-06 01:53:00+00:00,2026-03-06 01:58:55.750000+00:00,355.75,good,
CYCLE_0383,DMU50_001,OP_001,2026-03-06 02:02:00+00:00,2026-03-06 02:09:52.571000+00:00,472.571,good,
CYCLE_0384,DMU50_001,OP_003,2026-03-06 02:17:00+00:00,2026-03-06 02:22:54.109000+00:00,354.109,scrap,surface_defect
CYCLE_0385,DMU50_001,OP_001,2026-03-06 02:35:00+00:00,2026-03-06 02:43:09.977000+00:00,489.977,good,
CYCLE_0386,DMU50_001,OP_003,2026-03-06 02:51:00+00:00,2026-03-06 02:57:11.557000+00:00,371.557,good,
CYCLE_0387,DMU50_001,OP_002,2026-03-06 03:12:00+00:00,2026-03-06 03:21:32.828000+00:00,572.828,scrap,surface_defect
CYCLE_0388,DMU50_001,OP_001,2026-03-06 03:30:00+00:00,2026-03-06 03:38:17.060000+00:00,497.06,good,
CYCLE_0389,DMU50_001,OP_002,2026-03-06 03:49:00+00:00,2026-03-06 03:58:17.876000+00:00,557.876,good,
CYCLE_0390,DMU50_001,OP_001,2026-03-06 04:02:00+00:00,2026-03-06 04:09:59.353000+00:00,479.353,scrap,surface_defect
CYCLE_0391,DMU50_001,OP_002,2026-03-06 04:20:00+00:00,2026-03-06 04:28:40.054000+00:00,520.054,good,
CYCLE_0392,DMU50_001,OP_001,2026-03-06 04:33:00+00:00,2026-03-06 04:41:29.855000+00:00,509.855,good,
CYCLE_0393,DMU50_001,OP_002,2026-03-06 04:46:00+00:00,2026-03-06 04:55:12.407000+00:00,552.407,scrap,surface_defect
CYCLE_0394,DMU50_001,OP_001,2026-03-06 05:00:00+00:00,2026-03-06 05:07:52.215000+00:00,472.215,good,
CYCLE_0395,DMU50_001,OP_002,2026-03-06 05:17:00+00:00,2026-03-06 05:25:50.718000+00:00,530.718,good,
CYCLE_0396,DMU50_001,OP_003,2026-03-06 06:00:00+00:00,2026-03-06 06:05:59.261000+00:00,359.261,scrap,surface_defect
CYCLE_0397,DMU50_001,OP_001,2026-03-06 06:08:00+00:00,2026-03-06 06:15:54.957000+00:00,474.957,good,
CYCLE_0398,DMU50_001,OP_003,2026-03-06 06:20:00+00:00,2026-03-06 06:25:55.521000+00:00,355.521,good,
CYCLE_0399,DMU50_001,OP_001,2026-03-06 06:28:00+00:00,2026-03-06 06:35:49.965000+00:00,469.965,scrap,surface_defect
CYCLE_0400,DMU50_001,OP_003,2026-03-06 06:47:00+00:00,2026-03-06 06:52:55.343000+00:00,355.343,good,
CYCLE_0401,DMU50_001,OP_003,2026-03-06 07:21:00+00:00,2026-03-06 07:27:20.887000+00:00,380.887,good,
CYCLE_0402,DMU50_001,OP_002,2026-03-06 07:44:00+00:00,2026-03-06 07:53:14.016000+00:00,554.016,scrap,surface_defect
CYCLE_0403,DMU50_001,OP_001,2026-03-06 07:55:00+00:00,2026-03-06 08:02:43.996000+00:00,463.996,good,
CYCLE_0404,DMU50_001,OP_002,2026-03-06 08:10:00+00:00,2026-03-06 08:18:48.845000+00:00,528.845,good,
CYCLE_0405,DMU50_001,OP_001,2026-03-06 08:27:00+00:00,2026-03-06 08:34:49.147000+00:00,469.147,scrap,surface_defect
CYCLE_0406,DMU50_001,OP_002,2026-03-06 08:44:00+00:00,2026-03-06 08:53:11.639000+00:00,551.639,good,
CYCLE_0407,DMU50_001,OP_001,2026-03-06 09:14:00+00:00,2026-03-06 09:21:56.712000+00:00,476.712,good,
CYCLE_0408,DMU50_001,OP_003,2026-03-06 09:31:00+00:00,2026-03-06 09:36:58.315000+00:00,358.315,scrap,surface_defect
CYCLE_0409,DMU50_001,OP_001,2026-03-06 09:44:00+00:00,2026-03-06 09:52:06.878000+00:00,486.878,good,
CYCLE_0410,DMU50_001,OP_001,2026-03-06 10:08:00+00:00,2026-03-06 10:15:53.663000+00:00,473.663,good,
CYCLE_0411,DMU50_001,OP_002,2026-03-06 10:24:00+00:00,2026-03-06 10:32:48.088000+00:00,528.088,scrap,surface_defect
CYCLE_0412,DMU50_001,OP_001,2026-03-06 10:41:00+00:00,2026-03-06 10:49:22.117000+00:00,502.117,good,
CYCLE_0413,DMU50_001,OP_003,2026-03-06 11:05:00+00:00,2026-03-06 11:11:03.601000+00:00,363.601,good,
CYCLE_0414,DMU50_001,OP_001,2026-03-06 11:22:00+00:00,2026-03-06 11:30:34.545000+00:00,514.545,scrap,surface_defect
CYCLE_0415,DMU50_001,OP_003,2026-03-06 11:34:00+00:00,2026-03-06 11:40:19.466000+00:00,379.466,good,
CYCLE_0416,DMU50_001,OP_001,2026-03-06 11:49:00+00:00,2026-03-06 11:57:34.792000+00:00,514.792,good,
CYCLE_0417,DMU50_001,OP_003,2026-03-06 12:03:00+00:00,2026-03-06 12:09:03.408000+00:00,363.408,scrap,surface_defect
CYCLE_0418,DMU50_001,OP_001,2026-03-06 12:33:00+00:00,2026-03-06 12:41:00.595000+00:00,480.595,good,
CYCLE_0419,DMU50_001,OP_003,2026-03-06 12:51:00+00:00,2026-03-06 12:57:28.576000+00:00,388.576,good,
CYCLE_0420,DMU50_001,OP_001,2026-03-06 13:03:00+00:00,2026-03-06 13:11:20.508000+00:00,500.508,scrap,surface_defect
CYCLE_0421,DMU50_001,OP_003,2026-03-06 13:13:00+00:00,2026-03-06 13:19:21.366000+00:00,381.366,good,
CYCLE_0422,DMU50_001,OP_001,2026-03-06 13:29:00+00:00,2026-03-06 13:37:13.244000+00:00,493.244,good,
CYCLE_0423,DMU50_001,OP_003,2026-03-06 13:44:00+00:00,2026-03-06 13:49:46.585000+00:00,346.585,scrap,surface_defect
CYCLE_0424,DMU50_001,OP_001,2026-03-06 14:00:00+00:00,2026-03-06 14:08:28.347000+00:00,508.347,good,
CYCLE_0425,DMU50_001,OP_003,2026-03-06 14:23:00+00:00,2026-03-06 14:28:52.715000+00:00,352.715,good,
CYCLE_0426,DMU50_001,OP_001,2026-03-06 14:28:52.715000+00:00,2026-03-06 14:36:50.109000+00:00,477.394,scrap,surface_defect
CYCLE_0427,DMU50_001,OP_003,2026-03-06 14:50:00+00:00,2026-03-06 14:55:53.020000+00:00,353.02,good,
CYCLE_0428,DMU50_001,OP_001,2026-03-06 15:05:00+00:00,2026-03-06 15:13:24.194000+00:00,504.194,good,
CYCLE_0429,DMU50_001,OP_003,2026-03-06 15:18:00+00:00,2026-03-06 15:23:50.642000+00:00,350.642,scrap,surface_defect
CYCLE_0430,DMU50_001,OP_001,2026-03-06 15:30:00+00:00,2026-03-06 15:38:15.445000+00:00,495.445,good,
CYCLE_0431,DMU50_001,OP_003,2026-03-06 15:47:00+00:00,2026-03-06 15:52:47.923000+00:00,347.923,good,
CYCLE_0432,DMU50_001,OP_003,2026-03-06 16:25:00+00:00,2026-03-06 16:31:04.247000+00:00,364.247,scrap,surface_defect
CYCLE_0433,DMU50_001,OP_002,2026-03-06 16:44:00+00:00,2026-03-06 16:52:41.113000+00:00,521.113,good,
CYCLE_0434,DMU50_001,OP_001,2026-03-06 17:04:00+00:00,2026-03-06 17:11:53.116000+00:00,473.116,good,
CYCLE_0435,DMU50_001,OP_002,2026-03-06 17:18:00+00:00,2026-03-06 17:27:41.682000+00:00,581.682,scrap,surface_defect
CYCLE_0436,DMU50_001,OP_001,2026-03-06 17:42:00+00:00,2026-03-06 17:49:53.443000+00:00,473.443,good,
CYCLE_0437,DMU50_001,OP_003,2026-03-06 18:04:00+00:00,2026-03-06 18:10:23.379000+00:00,383.379,good,
CYCLE_0438,DMU50_001,OP_001,2026-03-06 18:15:00+00:00,2026-03-06 18:22:43.991000+00:00,463.991,scrap,surface_defect
CYCLE_0439,DMU50_001,OP_003,2026-03-06 18:29:00+00:00,2026-03-06 18:34:55.423000+00:00,355.423,good,
CYCLE_0440,DMU50_001,OP_001,2026-03-06 18:42:00+00:00,2026-03-06 18:50:16.597000+00:00,496.597,good,
CYCLE_0441,DMU50_001,OP_003,2026-03-06 18:57:00+00:00,2026-03-06 19:02:59.379000+00:00,359.379,scrap,surface_defect
CYCLE_0442,DMU50_001,OP_001,2026-03-06 19:09:00+00:00,2026-03-06 19:16:59.876000+00:00,479.876,good,
CYCLE_0443,DMU50_001,OP_003,2026-03-06 19:20:00+00:00,2026-03-06 19:26:24.303000+00:00,384.303,good,
CYCLE_0444,DMU50_001,OP_002,2026-03-06 19:47:00+00:00,2026-03-06 19:55:56.337000+00:00,536.337,scrap,surface_defect
CYCLE_0445,DMU50_001,OP_002,2026-03-06 20:26:00+00:00,2026-03-06 20:34:52.483000+00:00,532.483,good,
CYCLE_0446,DMU50_001,OP_002,2026-03-06 20:51:00+00:00,2026-03-06 21:00:16.602000+00:00,556.602,good,
CYCLE_0447,DMU50_001,OP_001,2026-03-06 21:08:00+00:00,2026-03-06 21:15:58.182000+00:00,478.182,scrap,surface_defect
CYCLE_0448,DMU50_001,OP_003,2026-03-06 21:31:00+00:00,2026-03-06 21:36:51.028000+00:00,351.028,good,
CYCLE_0449,DMU50_001,OP_001,2026-03-06 21:48:00+00:00,2026-03-06 21:56:18.174000+00:00,498.174,good,
CYCLE_0450,DMU50_001,OP_003,2026-03-06 22:03:00+00:00,2026-03-06 22:09:01.427000+00:00,361.427,scrap,surface_defect
CYCLE_0451,DMU50_001,OP_003,2026-03-06 22:35:00+00:00,2026-03-06 22:41:16.550000+00:00,376.55,good,
CYCLE_0452,DMU50_001,OP_001,2026-03-06 22:49:00+00:00,2026-03-06 22:57:29.023000+00:00,509.023,good,
CYCLE_0453,DMU50_001,OP_003,2026-03-06 23:06:00+00:00,2026-03-06 23:11:53.134000+00:00,353.134,scrap,surface_defect
CYCLE_0454,DMU50_001,OP_001,2026-03-06 23:16:00+00:00,2026-03-06 23:23:51.866000+00:00,471.866,good,
CYCLE_0455,DMU50_001,OP_003,2026-03-06 23:28:00+00:00,2026-03-06 23:34:07.382000+00:00,367.382,good,
CYCLE_0456,DMU50_001,OP_001,2026-03-06 23:41:00+00:00,2026-03-06 23:49:18.695000+00:00,498.695,scrap,surface_defect
CYCLE_0457,DMU50_001,OP_003,2026-03-06 23:55:00+00:00,2026-03-07 00:00:45.739000+00:00,345.739,good,
CYCLE_0458,DMU50_001,OP_001,2026-03-07 00:05:00+00:00,2026-03-07 00:12:43.927000+00:00,463.927,good,
CYCLE_0459,DMU50_001,OP_003,2026-03-07 00:18:00+00:00,2026-03-07 00:23:46.579000+00:00,346.579,scrap,surface_defect
CYCLE_0460,DMU50_001,OP_001,2026-03-07 00:23:46.579000+00:00,2026-03-07 00:31:57.934000+00:00,491.355,good,
CYCLE_0461,DMU50_001,OP_001,2026-03-07 01:03:00+00:00,2026-03-07 01:11:20.061000+00:00,500.061,good,
CYCLE_0462,DMU50_001,OP_002,2026-03-07 01:25:00+00:00,2026-03-07 01:34:22.135000+00:00,562.135,scrap,surface_defect
CYCLE_0463,DMU50_001,OP_001,2026-03-07 01:48:00+00:00,2026-03-07 01:56:06.320000+00:00,486.32,good,
CYCLE_0464,DMU50_001,OP_003,2026-03-07 02:03:00+00:00,2026-03-07 02:09:18.143000+00:00,378.143,good,
CYCLE_0465,DMU50_001,OP_001,2026-03-07 02:17:00+00:00,2026-03-07 02:24:55.621000+00:00,475.621,scrap,surface_defect
CYCLE_0466,DMU50_001,OP_003,2026-03-07 02:30:00+00:00,2026-03-07 02:35:52.954000+00:00,352.954,good,
CYCLE_0467,DMU50_001,OP_001,2026-03-07 02:47:00+00:00,2026-03-07 02:54:50.599000+00:00,470.599,good,
CYCLE_0468,DMU50_001,OP_003,2026-03-07 03:01:00+00:00,2026-03-07 03:06:47.850000+00:00,347.85,scrap,surface_defect
CYCLE_0469,DMU50_001,OP_002,2026-03-07 03:31:00+00:00,2026-03-07 03:39:43.142000+00:00,523.142,good,
CYCLE_0470,DMU50_001,OP_001,2026-03-07 03:43:00+00:00,2026-03-07 03:50:54.918000+00:00,474.918,good,
CYCLE_0471,DMU50_001,OP_003,2026-03-07 04:13:00+00:00,2026-03-07 04:19:03.085000+00:00,363.085,scrap,surface_defect
CYCLE_0472,DMU50_001,OP_001,2026-03-07 04:28:00+00:00,2026-03-07 04:36:02.407000+00:00,482.407,good,
CYCLE_0473,DMU50_001,OP_003,2026-03-07 04:47:00+00:00,2026-03-07 04:52:58.251000+00:00,358.251,good,
CYCLE_0474,DMU50_001,OP_001,2026-03-07 05:03:00+00:00,2026-03-07 05:10:46.697000+00:00,466.697,scrap,surface_defect
CYCLE_0475,DMU50_001,OP_003,2026-03-07 05:14:00+00:00,2026-03-07 05:19:49.867000+00:00,349.867,good,
CYCLE_0476,DMU50_001,OP_001,2026-03-07 05:29:00+00:00,2026-03-07 05:37:08.478000+00:00,488.478,good,
CYCLE_0477,DMU50_001,OP_003,2026-03-07 05:51:00+00:00,2026-03-07 05:56:51.546000+00:00,351.546,scrap,surface_defect
CYCLE_0478,DMU50_001,OP_001,2026-03-07 06:01:00+00:00,2026-03-07 06:08:51.915000+00:00,471.915,good,
CYCLE_0479,DMU50_001,OP_003,2026-03-07 06:15:00+00:00,2026-03-07 06:21:20.171000+00:00,380.171,good,
CYCLE_0480,DMU50_001,OP_001,2026-03-07 06:26:00+00:00,2026-03-07 06:34:04.182000+00:00,484.182,scrap,surface_defect
CYCLE_0481,DMU50_001,OP_003,2026-03-07 06:43:00+00:00,2026-03-07 06:49:16.379000+00:00,376.379,good,
CYCLE_0482,DMU50_001,OP_001,2026-03-07 06:57:00+00:00,2026-03-07 07:04:51.406000+00:00,471.406,good,
CYCLE_0483,DMU50_001,OP_003,2026-03-07 07:08:00+00:00,2026-03-07 07:14:04.505000+00:00,364.505,scrap,surface_defect
CYCLE_0484,DMU50_001,OP_001,2026-03-07 07:20:00+00:00,2026-03-07 07:27:48.790000+00:00,468.79,good,
CYCLE_0485,DMU50_001,OP_003,2026-03-07 07:34:00+00:00,2026-03-07 07:39:58.817000+00:00,358.817,good,
CYCLE_0486,DMU50_001,OP_001,2026-03-07 07:46:00+00:00,2026-03-07 07:54:07.340000+00:00,487.34,scrap,surface_defect
CYCLE_0487,DMU50_001,OP_003,2026-03-07 08:01:00+00:00,2026-03-07 08:07:07.606000+00:00,367.606,good,
CYCLE_0488,DMU50_001,OP_001,2026-03-07 08:11:00+00:00,2026-03-07 08:18:46.729000+00:00,466.729,good,
CYCLE_0489,DMU50_001,OP_003,2026-03-07 08:27:00+00:00,2026-03-07 08:33:06.306000+00:00,366.306,scrap,surface_defect
CYCLE_0490,DMU50_001,OP_001,2026-03-07 08:46:00+00:00,2026-03-07 08:53:55.668000+00:00,475.668,good,
CYCLE_0491,DMU50_001,OP_003,2026-03-07 08:58:00+00:00,2026-03-07 09:04:18.075000+00:00,378.075,good,
CYCLE_0492,DMU50_001,OP_001,2026-03-07 09:50:00+00:00,2026-03-07 09:57:51.974000+00:00,471.974,scrap,surface_defect
CYCLE_0493,DMU50_001,OP_002,2026-03-07 10:06:00+00:00,2026-03-07 10:15:16.312000+00:00,556.312,good,
CYCLE_0494,DMU50_001,OP_001,2026-03-07 10:20:00+00:00,2026-03-07 10:28:31.814000+00:00,511.814,good,
CYCLE_0495,DMU50_001,OP_003,2026-03-07 10:45:00+00:00,2026-03-07 10:50:59.764000+00:00,359.764,scrap,surface_defect
CYCLE_0496,DMU50_001,OP_003,2026-03-07 11:23:00+00:00,2026-03-07 11:29:26.914000+00:00,386.914,good,
CYCLE_0497,DMU50_001,OP_001,2026-03-07 11:34:00+00:00,2026-03-07 11:42:28.333000+00:00,508.333,good,
CYCLE_0498,DMU50_001,OP_003,2026-03-07 11:50:00+00:00,2026-03-07 11:56:02.097000+00:00,362.097,scrap,surface_defect
CYCLE_0499,DMU50_001,OP_001,2026-03-07 12:01:00+00:00,2026-03-07 12:09:14.055000+00:00,494.055,good,
CYCLE_0500,DMU50_001,OP_003,2026-03-07 12:15:00+00:00,2026-03-07 12:20:53.280000+00:00,353.28,good,
CYCLE_0501,DMU50_001,OP_001,2026-03-07 12:27:00+00:00,2026-03-07 12:35:35.957000+00:00,515.957,scrap,surface_defect
CYCLE_0502,DMU50_001,OP_003,2026-03-07 12:41:00+00:00,2026-03-07 12:47:28.202000+00:00,388.202,good,
CYCLE_0503,DMU50_001,OP_001,2026-03-07 12:52:00+00:00,2026-03-07 12:59:52.304000+00:00,472.304,good,
CYCLE_0504,DMU50_001,OP_001,2026-03-07 13:15:00+00:00,2026-03-07 13:23:12.758000+00:00,492.758,scrap,surface_defect
CYCLE_0505,DMU50_001,OP_003,2026-03-07 13:36:00+00:00,2026-03-07 13:41:59.947000+00:00,359.947,good,
CYCLE_0506,DMU50_001,OP_002,2026-03-07 14:11:00+00:00,2026-03-07 14:20:21.697000+00:00,561.697,good,
CYCLE_0507,DMU50_001,OP_001,2026-03-07 14:40:00+00:00,2026-03-07 14:48:14.409000+00:00,494.409,scrap,surface_defect
CYCLE_0508,DMU50_001,OP_002,2026-03-07 14:55:00+00:00,2026-03-07 15:03:54.043000+00:00,534.043,good,
CYCLE_0509,DMU50_001,OP_001,2026-03-07 15:09:00+00:00,2026-03-07 15:16:46.131000+00:00,466.131,good,
CYCLE_0510,DMU50_001,OP_003,2026-03-07 15:29:00+00:00,2026-03-07 15:35:16.962000+00:00,376.962,scrap,surface_defect
CYCLE_0511,DMU50_001,OP_001,2026-03-07 15:46:00+00:00,2026-03-07 15:53:41.506000+00:00,461.506,good,
CYCLE_0512,DMU50_001,OP_003,2026-03-07 15:58:00+00:00,2026-03-07 16:04:28.744000+00:00,388.744,good,
CYCLE_0513,DMU50_001,OP_001,2026-03-07 16:09:00+00:00,2026-03-07 16:16:51.395000+00:00,471.395,scrap,surface_defect
CYCLE_0514,DMU50_001,OP_003,2026-03-07 16:26:00+00:00,2026-03-07 16:32:03.978000+00:00,363.978,good,
CYCLE_0515,DMU50_001,OP_002,2026-03-07 17:02:00+00:00,2026-03-07 17:11:19.756000+00:00,559.756,good,
CYCLE_0516,DMU50_001,OP_002,2026-03-07 17:39:00+00:00,2026-03-07 17:48:37.883000+00:00,577.883,scrap,surface_defect
CYCLE_0517,DMU50_001,OP_001,2026-03-07 17:59:00+00:00,2026-03-07 18:06:59.701000+00:00,479.701,good,
CYCLE_0518,DMU50_001,OP_002,2026-03-07 18:10:00+00:00,2026-03-07 18:19:19.495000+00:00,559.495,good,
CYCLE_0519,DMU50_001,OP_001,2026-03-07 18:24:00+00:00,2026-03-07 18:31:43.170000+00:00,463.17,scrap,surface_defect
CYCLE_0520,DMU50_001,OP_002,2026-03-07 18:37:00+00:00,2026-03-07 18:45:47.886000+00:00,527.886,good,
CYCLE_0521,DMU50_001,OP_001,2026-03-07 18:50:00+00:00,2026-03-07 18:58:33.863000+00:00,513.863,good,
CYCLE_0522,DMU50_001,OP_003,2026-03-07 19:15:00+00:00,2026-03-07 19:21:18.684000+00:00,378.684,scrap,surface_defect
CYCLE_0523,DMU50_001,OP_003,2026-03-07 19:42:00+00:00,2026-03-07 19:48:01.057000+00:00,361.057,good,
CYCLE_0524,DMU50_001,OP_002,2026-03-07 20:01:00+00:00,2026-03-07 20:10:21.547000+00:00,561.547,good,
CYCLE_0525,DMU50_001,OP_001,2026-03-07 20:18:00+00:00,2026-03-07 20:25:56.763000+00:00,476.763,scrap,surface_defect
CYCLE_0526,DMU50_001,OP_003,2026-03-07 20:46:00+00:00,2026-03-07 20:52:23.130000+00:00,383.13,good,
CYCLE_0527,DMU50_001,OP_001,2026-03-07 21:01:00+00:00,2026-03-07 21:08:57.972000+00:00,477.972,good,
CYCLE_0528,DMU50_001,OP_003,2026-03-07 21:16:00+00:00,2026-03-07 21:22:16.851000+00:00,376.851,scrap,surface_defect
CYCLE_0529,DMU50_001,OP_001,2026-03-07 21:33:00+00:00,2026-03-07 21:41:19.172000+00:00,499.172,good,
CYCLE_0530,DMU50_001,OP_003,2026-03-07 21:49:00+00:00,2026-03-07 21:55:25.051000+00:00,385.051,good,
CYCLE_0531,DMU50_001,OP_001,2026-03-07 22:00:00+00:00,2026-03-07 22:08:18.687000+00:00,498.687,scrap,surface_defect
CYCLE_0532,DMU50_001,OP_003,2026-03-07 22:12:00+00:00,2026-03-07 22:18:24.668000+00:00,384.668,good,
CYCLE_0533,DMU50_001,OP_002,2026-03-07 22:32:00+00:00,2026-03-07 22:41:05.400000+00:00,545.4,good,
CYCLE_0534,DMU50_001,OP_003,2026-03-07 23:16:00+00:00,2026-03-07 23:21:51.742000+00:00,351.742,scrap,surface_defect
CYCLE_0535,DMU50_001,OP_001,2026-03-08 00:01:00+00:00,2026-03-08 00:09:25.962000+00:00,505.962,good,
CYCLE_0536,DMU50_001,OP_003,2026-03-08 00:29:00+00:00,2026-03-08 00:34:51.879000+00:00,351.879,good,
CYCLE_0537,DMU50_001,OP_001,2026-03-08 00:45:00+00:00,2026-03-08 00:52:42.541000+00:00,462.541,scrap,surface_defect
CYCLE_0538,DMU50_001,OP_003,2026-03-08 00:56:00+00:00,2026-03-08 01:02:13.689000+00:00,373.689,good,
CYCLE_0539,DMU50_001,OP_001,2026-03-08 01:16:00+00:00,2026-03-08 01:23:55.524000+00:00,475.524,good,
CYCLE_0540,DMU50_001,OP_003,2026-03-08 01:29:00+00:00,2026-03-08 01:34:54.948000+00:00,354.948,scrap,surface_defect
CYCLE_0541,DMU50_001,OP_002,2026-03-08 01:54:00+00:00,2026-03-08 02:03:23.547000+00:00,563.547,good,
CYCLE_0542,DMU50_001,OP_001,2026-03-08 02:10:00+00:00,2026-03-08 02:17:51.683000+00:00,471.683,good,
CYCLE_0543,DMU50_001,OP_002,2026-03-08 02:24:00+00:00,2026-03-08 02:33:28.886000+00:00,568.886,scrap,surface_defect
CYCLE_0544,DMU50_001,OP_001,2026-03-08 02:46:00+00:00,2026-03-08 02:53:51.788000+00:00,471.788,good,
CYCLE_0545,DMU50_001,OP_003,2026-03-08 03:16:00+00:00,2026-03-08 03:22:09.873000+00:00,369.873,good,
CYCLE_0546,DMU50_001,OP_001,2026-03-08 03:26:00+00:00,2026-03-08 03:34:37.154000+00:00,517.154,scrap,surface_defect
CYCLE_0547,DMU50_001,OP_003,2026-03-08 03:38:00+00:00,2026-03-08 03:44:04.337000+00:00,364.337,good,
CYCLE_0548,DMU50_001,OP_001,2026-03-08 03:51:00+00:00,2026-03-08 03:58:58.782000+00:00,478.782,good,
CYCLE_0549,DMU50_001,OP_003,2026-03-08 04:05:00+00:00,2026-03-08 04:11:15.315000+00:00,375.315,scrap,surface_defect
CYCLE_0550,DMU50_001,OP_001,2026-03-08 04:17:00+00:00,2026-03-08 04:25:20.073000+00:00,500.073,good,
CYCLE_0551,DMU50_001,OP_003,2026-03-08 04:30:00+00:00,2026-03-08 04:36:02.198000+00:00,362.198,good,
CYCLE_0552,DMU50_001,OP_001,2026-03-08 04:36:02.198000+00:00,2026-03-08 04:43:51.439000+00:00,469.241,scrap,surface_defect
CYCLE_0553,DMU50_001,OP_002,2026-03-08 04:49:00+00:00,2026-03-08 04:58:25.662000+00:00,565.662,good,
CYCLE_0554,DMU50_001,OP_001,2026-03-08 05:03:00+00:00,2026-03-08 05:10:50.213000+00:00,470.213,good,
CYCLE_0555,DMU50_001,OP_003,2026-03-08 05:29:00+00:00,2026-03-08 05:34:57.162000+00:00,357.162,scrap,surface_defect
CYCLE_0556,DMU50_001,OP_001,2026-03-08 05:45:00+00:00,2026-03-08 05:52:59.877000+00:00,479.877,good,
